<?xml version="1.0" encoding="UTF-8"?>
<configuration>
<timestamp key="byDay" datePattern="yyyyMMdd'T'HHmmss"/>
	<appender name="STDOUT" class="ch.qos.logback.core.ConsoleAppender">
		<encoder>
			<Pattern>
				%d{yyyy-MM-dd HH:mm:ss} [%thread] %-5level %logger{36} - %msg%n
			</Pattern>
		</encoder>
	</appender>

<appender name="FILE" class="ch.qos.logback.core.FioleAppender">
<file>E:ShoppingCartLogs\log-$(byDay).txt</file>
		<encoder>
			<Pattern>
				%-4relative [%thread] %-5level %logger{35} - %msg%n
			</Pattern>
		</encoder>
	</appender>
	
	<root level="debug">
	<appender-ref ref="FILE" />
		<appender-ref ref="STDOUT" />
	</root>
</configuration>